country,region_id,authority_id,auth_name_e,old_park_id,new_park_id,park_offical_id
Wales,W10000006,W06000010,Carmarthenshire,CARMA_106e8b960aa0,15fedd32ad3e,CARMA_0
Wales,W10000006,W06000010,Carmarthenshire,CARMA_77ec545ddeeb,3ede6fd04968,CARMA_1
Wales,W10000006,W06000010,Carmarthenshire,CARMA_ea31e43e6409,94119d6c4a1b,CARMA_2
Wales,W10000006,W06000010,Carmarthenshire,CARMA_bb1c9b26ae59;CARMA_f9d5514921c4,abeda0613373,CARMA_3
Wales,W10000006,W06000010,Carmarthenshire,CARMA_4c923e1b6251;CARMA_d2397bd37545,9dbe6e0ed9c4,CARMA_4
Wales,W10000006,W06000010,Carmarthenshire,CARMA_845f6568b660,7a20eba319e0,CARMA_5
Wales,W10000006,W06000010,Carmarthenshire,CARMA_0317d4b5ecae,18704455c77a,CARMA_6
Wales,W10000006,W06000010,Carmarthenshire,CARMA_70512492d644;CARMA_3cd393ebf808,4720ceb41a8d,CARMA_7
Wales,W10000006,W06000010,Carmarthenshire,CARMA_03998a00229d,67904f31bc1e,CARMA_8
Wales,W10000006,W06000010,Carmarthenshire,CARMA_cff3a680a386,6cecf025de75,CARMA_9
Wales,W10000006,W06000010,Carmarthenshire,CARMA_41106c484408,04b582f9ebc5,CARMA_10
Wales,W10000006,W06000010,Carmarthenshire,CARMA_7a5a330e16c3,083012b69592,CARMA_11
Wales,W10000006,W06000010,Carmarthenshire,CARMA_49491827c921,7e2df114ddfb,CARMA_12
Wales,W10000006,W06000010,Carmarthenshire,CARMA_bcdbf01c5dd2;CARMA_01a7cfbd8121,7398228b1928,CARMA_13
Wales,W10000006,W06000010,Carmarthenshire,CARMA_dca28fed32c4;CARMA_1ee317aee3e5,0a73c823e842,CARMA_14
Wales,W10000006,W06000010,Carmarthenshire,CARMA_6abbd7163644,7648e5989ba2,CARMA_15
Wales,W10000006,W06000010,Carmarthenshire,CARMA_e953bc3514b7,d6a81eb9c153,CARMA_16
Wales,W10000006,W06000010,Carmarthenshire,CARMA_7f7795db9677;CARMA_68d8228dfe8a,e9ef6ad9bded,CARMA_17
Wales,W10000006,W06000010,Carmarthenshire,CARMA_adf5a53b47ae,0386b7d0cdb2,CARMA_18
Wales,W10000006,W06000010,Carmarthenshire,CARMA_bcc513c73eff;CARMA_68326b2140a7,8086336dc35d,CARMA_19
Wales,W10000006,W06000010,Carmarthenshire,CARMA_a0f726fe8f3d,6cd572ccf76a,CARMA_20
Wales,W10000006,W06000010,Carmarthenshire,CARMA_299a1bdbb3d8,32db95f178ac,CARMA_21
Wales,W10000006,W06000010,Carmarthenshire,CARMA_a67757756ada;CARMA_89dadd1a9ba6,185bd48676bf,CARMA_22
Wales,W10000006,W06000010,Carmarthenshire,CARMA_1c5e92cff5a2,4786ad45a5f8,CARMA_23
Wales,W10000006,W06000010,Carmarthenshire,CARMA_3073b8c65833;CARMA_4bc210db0ba8,c81eefe3d445,CARMA_24
Wales,W10000006,W06000010,Carmarthenshire,CARMA_43d01c37940f,9ae30814d828,CARMA_25
Wales,W10000006,W06000010,Carmarthenshire,CARMA_7a82c2f53afb,efa75c09f9e5,CARMA_26
Wales,W10000006,W06000010,Carmarthenshire,CARMA_232753615301,2c908d55d69a,CARMA_27
Wales,W10000006,W06000010,Carmarthenshire,CARMA_d2d57c8dc1c2;CARMA_27dd750b440b,3b6c77883153,CARMA_28
Wales,W10000006,W06000010,Carmarthenshire,CARMA_0e1ac8a81976,82a5964fb84d,CARMA_29
Wales,W10000006,W06000010,Carmarthenshire,CARMA_51fa6f01123b,0e62dc913848,CARMA_30
Wales,W10000006,W06000010,Carmarthenshire,CARMA_3804f42897d4;CARMA_8e7eea7c97f7,f21e25dd2cf4,CARMA_31
Wales,W10000006,W06000010,Carmarthenshire,CARMA_b5e394b56acd,1ec7bbdc1d53,CARMA_32
Wales,W10000006,W06000010,Carmarthenshire,CARMA_ca25fd1c1af9;CARMA_278ef74ec4c9;CARMA_06ad7e66b676;CARMA_daaad82e5fd3;CARMA_12d2c4dde77a;CARMA_8314ce068a18;CARMA_b6f9460f1bf4;CARMA_5be3e9b6b18f;CARMA_aaec3e88db25;CARMA_1ee56e939eec;CARMA_d260796ade6c;CARMA_62867286899c;CARMA_beab08254996;CARMA_891e713fe26e;CARMA_af1a636bc77d;CARMA_0c365550fc70;CARMA_157aab3f61d5;CARMA_1e39f848e3b1;CARMA_983559c58745;CARMA_98e5f4c3c90e;CARMA_6214773976b6,8c105c62fcae,CARMA_33
Wales,W10000006,W06000010,Carmarthenshire,CARMA_6815ac75ca10;CARMA_7e60c0df37d5,fb0fa85f26f4,CARMA_34
Wales,W10000006,W06000010,Carmarthenshire,CARMA_d2576133e63c;CARMA_e86965a82b17,3b4e69b0038e,CARMA_35
Wales,W10000006,W06000010,Carmarthenshire,CARMA_1efe05e78b4f;CARMA_dcbc9992614a,35656999b83e,CARMA_36
Wales,W10000006,W06000010,Carmarthenshire,CARMA_805c24f43f39,b9847f5edea5,CARMA_37
Wales,W10000006,W06000010,Carmarthenshire,CARMA_9b68c2c634de;CARMA_40e03edd2c22,d6672e5a97f5,CARMA_38
Wales,W10000006,W06000010,Carmarthenshire,CARMA_a65093492028;CARMA_2722b6960aac,c4a2f14b0ac3,CARMA_39
Wales,W10000006,W06000010,Carmarthenshire,CARMA_59e0a332e03f;CARMA_2af0717bfa2e,8e45aa233060,CARMA_40
Wales,W10000006,W06000010,Carmarthenshire,CARMA_60d015b227ec,a0f7dfd59148,CARMA_41
Wales,W10000006,W06000010,Carmarthenshire,CARMA_09fd78e784dc,0b6f5a6c2277,CARMA_42
Wales,W10000006,W06000010,Carmarthenshire,CARMA_72f52aaceb9d,24501e61f58d,CARMA_43
Wales,W10000006,W06000010,Carmarthenshire,CARMA_3bdeea502e86,4ab5ebc41da4,CARMA_44
Wales,W10000006,W06000010,Carmarthenshire,CARMA_2136530a8666;CARMA_c0311c9ab11f,f01c82035a43,CARMA_45
Wales,W10000006,W06000010,Carmarthenshire,CARMA_9200b0ebe117;CARMA_2c66db396c67;CARMA_f72717776dde,0fa08d52e4c1,CARMA_46
Wales,W10000006,W06000010,Carmarthenshire,CARMA_bd76c10b8a18;CARMA_95f1bda47d64,842998e47000,CARMA_47
Wales,W10000006,W06000010,Carmarthenshire,CARMA_7831f35e226d;CARMA_ba3d2f74f1ec,178772267f4f,CARMA_48
Wales,W10000006,W06000010,Carmarthenshire,CARMA_5d77453ce503;CARMA_6bc3307ed148,6253974dadb5,CARMA_49
Wales,W10000006,W06000010,Carmarthenshire,CARMA_313c6bdf4098,4924fde7bfd8,CARMA_50
Wales,W10000006,W06000010,Carmarthenshire,CARMA_445111d99186,62d3e3a66cef,CARMA_51
Wales,W10000006,W06000010,Carmarthenshire,CARMA_267b08673503,bbeca04dc79a,CARMA_52
Wales,W10000006,W06000010,Carmarthenshire,CARMA_656f0ac83395,b94497179f4c,CARMA_53
Wales,W10000006,W06000010,Carmarthenshire,CARMA_e1505945ca58,5b046fa88929,CARMA_54
Wales,W10000006,W06000010,Carmarthenshire,CARMA_a16a20803d48,f779d45b989a,CARMA_55
Wales,W10000006,W06000010,Carmarthenshire,CARMA_bec9f3840306;CARMA_d078712392fa,0ac3ac4d1f81,CARMA_56
Wales,W10000006,W06000010,Carmarthenshire,CARMA_180a34a8275d,5957f941f666,CARMA_57
Wales,W10000006,W06000010,Carmarthenshire,CARMA_6ddfd56ea586;CARMA_60001f9a0737,0973e1d2e82d,CARMA_58
Wales,W10000006,W06000010,Carmarthenshire,CARMA_674ec82b5f50,946c175b0e24,CARMA_59
Wales,W10000006,W06000010,Carmarthenshire,CARMA_cbe91789849c;CARMA_1cc31fb567e2,de50b4082ce9,CARMA_60
Wales,W10000006,W06000010,Carmarthenshire,CARMA_4423317fe3bd;CARMA_58b9188a87e6,288768d0c292,CARMA_61
Wales,W10000006,W06000010,Carmarthenshire,CARMA_81d4f75b3bed;CARMA_826b236e0ff2,b89714dd4216,CARMA_62
Wales,W10000006,W06000010,Carmarthenshire,CARMA_c83c76a52695,1cfb2edef78f,CARMA_63
Wales,W10000006,W06000010,Carmarthenshire,CARMA_e67b68fa86b5,7ab58c56c43f,CARMA_64
Wales,W10000006,W06000010,Carmarthenshire,CARMA_5e2e3c86ffc9,09f8fa26452f,CARMA_65
Wales,W10000006,W06000010,Carmarthenshire,CARMA_c2a814da5022,cb395a7a27d0,CARMA_66
Wales,W10000006,W06000010,Carmarthenshire,CARMA_d62ecd6cf576,038c347a80d3,CARMA_67
Wales,W10000006,W06000010,Carmarthenshire,CARMA_181633b467ef,5cb520f25187,CARMA_68
Wales,W10000006,W06000010,Carmarthenshire,CARMA_e5fed5f53dbc,51db5f077200,CARMA_69
Wales,W10000006,W06000010,Carmarthenshire,CARMA_2573f6e81698,19a6eae5ae4e,CARMA_70
Wales,W10000006,W06000010,Carmarthenshire,CARMA_89e534d18192,a1f3b4082dff,CARMA_71
Wales,W10000006,W06000010,Carmarthenshire,CARMA_ccd7342a69de,db42abb5b04e,CARMA_72
Wales,W10000006,W06000010,Carmarthenshire,CARMA_edb7ad57c427,098c4fef0248,CARMA_73
Wales,W10000006,W06000010,Carmarthenshire,CARMA_765b06ea7dd7,222338324983,CARMA_74
Wales,W10000006,W06000010,Carmarthenshire,CARMA_143f848bac20,dd18b8775d00,CARMA_75
Wales,W10000006,W06000010,Carmarthenshire,CARMA_f7452b71f2c4,bc0640384f7e,CARMA_76
Wales,W10000006,W06000010,Carmarthenshire,CARMA_2175ea35ecc9,176bf330756f,CARMA_77
Wales,W10000006,W06000010,Carmarthenshire,CARMA_76210a241159,6a26527a4770,CARMA_78
Wales,W10000006,W06000010,Carmarthenshire,CARMA_ad29c95e72ed,b35a3fe1e4c6,CARMA_79
Wales,W10000006,W06000010,Carmarthenshire,CARMA_5dd8b655153b,157dd57974ee,CARMA_80
Wales,W10000006,W06000010,Carmarthenshire,CARMA_70d1ac531e21,7de430a2fa3b,CARMA_81
Wales,W10000006,W06000010,Carmarthenshire,CARMA_af35305c3695,da76846df157,CARMA_82
Wales,W10000006,W06000010,Carmarthenshire,CARMA_c6b57e23d213,24333ae95603,CARMA_83
Wales,W10000006,W06000010,Carmarthenshire,CARMA_088eecfb3894,d9404aab435a,CARMA_84
Wales,W10000006,W06000010,Carmarthenshire,CARMA_65f013e707de,80413d3afbba,CARMA_85
Wales,W10000006,W06000010,Carmarthenshire,CARMA_3ab9791a99fe,4524247f20eb,CARMA_86
Wales,W10000006,W06000010,Carmarthenshire,CARMA_8f7282e5c8d6,9b364e4fcce2,CARMA_87
Wales,W10000006,W06000010,Carmarthenshire,CARMA_89d7b53da8f3,7eb62d64d553,CARMA_88
Wales,W10000006,W06000010,Carmarthenshire,CARMA_a522376a29e3,360628579dfd,CARMA_89
Wales,W10000006,W06000010,Carmarthenshire,CARMA_9fd528ba92f1,5e83abd4c1ac,CARMA_90
Wales,W10000006,W06000010,Carmarthenshire,CARMA_96648d19a74a,028dbbcadccb,CARMA_91
Wales,W10000006,W06000010,Carmarthenshire,CARMA_0dcfb2d1dfd6,3e312ad0ec16,CARMA_92
Wales,W10000006,W06000010,Carmarthenshire,CARMA_acaced43c8f8,719351a9069f,CARMA_93
Wales,W10000006,W06000010,Carmarthenshire,CARMA_d42626fc9d61,6a81490d91c9,CARMA_94
Wales,W10000006,W06000010,Carmarthenshire,CARMA_a2e00489af8f,23986f21f158,CARMA_95
Wales,W10000006,W06000010,Carmarthenshire,CARMA_cff222814a10,cde2bcbc2fdb,CARMA_96
Wales,W10000006,W06000010,Carmarthenshire,CARMA_ae4625b0e773,81e9822ff2ef,CARMA_97
Wales,W10000006,W06000010,Carmarthenshire,CARMA_3890aac5b6bd,7aa11434178a,CARMA_98
Wales,W10000006,W06000010,Carmarthenshire,CARMA_c21011f8fd90,4f98055efda7,CARMA_99
Wales,W10000006,W06000010,Carmarthenshire,CARMA_d26f01eaa7e3,802697c29501,CARMA_100
Wales,W10000006,W06000010,Carmarthenshire,CARMA_3bb5940a058c,1c0166c85d2c,CARMA_101
Wales,W10000006,W06000010,Carmarthenshire,CARMA_1d46393bc562,a2d4495ac3bc,CARMA_102
Wales,W10000006,W06000010,Carmarthenshire,CARMA_f626ce1c743e,893dc22e0e9b,CARMA_103
Wales,W10000006,W06000010,Carmarthenshire,CARMA_7cd763a10d07,13f6e933750b,CARMA_104
Wales,W10000006,W06000010,Carmarthenshire,CARMA_aaeae6934898,3ed5bc242dc1,CARMA_105
Wales,W10000006,W06000010,Carmarthenshire,CARMA_c9570cf2304f,067c8ac60324,CARMA_106
Wales,W10000006,W06000010,Carmarthenshire,CARMA_2627d28e1711,e39ed9d6a35a,CARMA_107
Wales,W10000006,W06000010,Carmarthenshire,CARMA_f06ca817e483,d674decc6e8a,CARMA_108
Wales,W10000006,W06000010,Carmarthenshire,CARMA_8bb1dbad4121,a61029b1a8a1,CARMA_109
Wales,W10000006,W06000010,Carmarthenshire,CARMA_bf41a230aa79,e9641118ec6b,CARMA_110
Wales,W10000006,W06000010,Carmarthenshire,CARMA_a82c06efdb51,68db8ed09385,CARMA_111
Wales,W10000006,W06000010,Carmarthenshire,CARMA_81a434f0324b,5a55fa2a5f01,CARMA_112
Wales,W10000006,W06000010,Carmarthenshire,CARMA_6ca71d37bf38,104b57456c54,CARMA_113
Wales,W10000006,W06000010,Carmarthenshire,CARMA_5c226a59dde1,7a2125e5c97d,CARMA_114
Wales,W10000006,W06000010,Carmarthenshire,CARMA_ec1f9f07d9ca,1fd4eafb10d6,CARMA_115
Wales,W10000006,W06000010,Carmarthenshire,CARMA_e9e62418d64f,eb8ad1cbeab1,CARMA_116
Wales,W10000006,W06000010,Carmarthenshire,CARMA_662ee5e0c8fe,507b023e29c0,CARMA_117
Wales,W10000006,W06000010,Carmarthenshire,CARMA_675fe42c6950,b10f9d20a674,CARMA_118
Wales,W10000006,W06000010,Carmarthenshire,CARMA_9cd8599e3ef6,fa607410f78b,CARMA_119
Wales,W10000006,W06000010,Carmarthenshire,CARMA_86a4403d06d4,42133d806181,CARMA_120
Wales,W10000006,W06000010,Carmarthenshire,CARMA_aa1c37b59c35,7b056cea4a0a,CARMA_121
Wales,W10000006,W06000010,Carmarthenshire,CARMA_524ad0ba887b,4ba48c2b786f,CARMA_122
Wales,W10000006,W06000010,Carmarthenshire,CARMA_05232341b3ba,24bac80a6cda,CARMA_123
Wales,W10000006,W06000010,Carmarthenshire,CARMA_84a0cbc506b8,c9ae267311e6,CARMA_124
Wales,W10000006,W06000010,Carmarthenshire,CARMA_2478e7aa5bd3,daf65617a63a,CARMA_125
Wales,W10000006,W06000010,Carmarthenshire,CARMA_338038018e94,0e1345e436c6,CARMA_126
Wales,W10000006,W06000010,Carmarthenshire,CARMA_c1019c0d38af,0b13db999ce6,CARMA_127
Wales,W10000006,W06000010,Carmarthenshire,CARMA_7244c3a867c7,a96e0783b2fd,CARMA_128
Wales,W10000006,W06000010,Carmarthenshire,CARMA_09dc4b332e2b,82b775a829a8,CARMA_129
Wales,W10000006,W06000010,Carmarthenshire,CARMA_a6eef8e64801,8d622a36cc49,CARMA_130
Wales,W10000006,W06000010,Carmarthenshire,CARMA_bb61ef9a7549,c3ce4538258a,CARMA_131
Wales,W10000006,W06000010,Carmarthenshire,CARMA_48f900b895b9,67b13c93a50d,CARMA_132
Wales,W10000006,W06000010,Carmarthenshire,CARMA_5608fe7793b4,a5ac28c94c46,CARMA_133
Wales,W10000006,W06000010,Carmarthenshire,CARMA_5c87c8e46807,0fb2ccddde35,CARMA_134
Wales,W10000006,W06000010,Carmarthenshire,CARMA_3f3a6ffa101c,6cd3c104bcfc,CARMA_135
Wales,W10000006,W06000010,Carmarthenshire,CARMA_b03089632f12,b506551ca9b8,CARMA_136
Wales,W10000006,W06000010,Carmarthenshire,CARMA_1b8556fc787d,8ced55c853d5,CARMA_137
Wales,W10000006,W06000010,Carmarthenshire,CARMA_a2d8cf624465,bb304d04cb69,CARMA_138
Wales,W10000006,W06000010,Carmarthenshire,CARMA_303f01e165b5,ca567c8d78c8,CARMA_139
Wales,W10000006,W06000010,Carmarthenshire,CARMA_9fe0ddedcf19,bc9d21816228,CARMA_140
Wales,W10000006,W06000010,Carmarthenshire,CARMA_ad8058186633,36111a1072e7,CARMA_141
Wales,W10000006,W06000010,Carmarthenshire,CARMA_15a7804955ac,d466da4eef77,CARMA_142
Wales,W10000006,W06000010,Carmarthenshire,CARMA_1690da7c88d8,55fba1d47e11,CARMA_143
Wales,W10000006,W06000010,Carmarthenshire,CARMA_3c8066af9913,5f4ce3895653,CARMA_144
Wales,W10000006,W06000010,Carmarthenshire,CARMA_7059db6ca913,183b5a887a24,CARMA_145
Wales,W10000006,W06000010,Carmarthenshire,CARMA_b4590048de36,dd5986853403,CARMA_146
Wales,W10000006,W06000010,Carmarthenshire,CARMA_bd47956450d4,5ca5f3737b50,CARMA_147
Wales,W10000006,W06000010,Carmarthenshire,CARMA_dc27d9a0444d,f5320c4fb623,CARMA_148
Wales,W10000006,W06000010,Carmarthenshire,CARMA_9a5e9c76145e,172665bc1800,CARMA_149
Wales,W10000006,W06000010,Carmarthenshire,CARMA_f8ba12aab10e,1c3a399a467d,CARMA_150
Wales,W10000006,W06000010,Carmarthenshire,CARMA_fb6250599411,814c4f96e90b,CARMA_151
Wales,W10000006,W06000010,Carmarthenshire,CARMA_72951f413a10,dfa3b6d3b788,CARMA_152
Wales,W10000006,W06000010,Carmarthenshire,CARMA_9001c5423922,0bedb5aa0e98,CARMA_153
Wales,W10000006,W06000010,Carmarthenshire,CARMA_7d914f81bba5,891bcc8aad3c,CARMA_154
Wales,W10000006,W06000010,Carmarthenshire,CARMA_3421345a0ab6,12433daf76fb,CARMA_155
Wales,W10000006,W06000010,Carmarthenshire,CARMA_80edfd643803,b5f894985a8d,CARMA_156
Wales,W10000006,W06000010,Carmarthenshire,CARMA_84580e22ccf6,0b43e48c7001,CARMA_157
Wales,W10000006,W06000010,Carmarthenshire,CARMA_cdd8fcfafe3c,d2b5558ebe9b,CARMA_158
Wales,W10000006,W06000010,Carmarthenshire,CARMA_7b5b69000e12,0e2a14679da4,CARMA_159
Wales,W10000006,W06000010,Carmarthenshire,CARMA_7c1a4c4ab732,8f75201a4ba2,CARMA_160
Wales,W10000006,W06000010,Carmarthenshire,CARMA_5d0615f422d4,fa406ab4da66,CARMA_161
Wales,W10000006,W06000010,Carmarthenshire,CARMA_65e58b8b4fbf,257615d54330,CARMA_162
Wales,W10000006,W06000010,Carmarthenshire,CARMA_0fcf04cada2b,4cdecf512b71,CARMA_163
Wales,W10000006,W06000010,Carmarthenshire,CARMA_03aa5f3f939e,63ba51f377bc,CARMA_164
Wales,W10000006,W06000010,Carmarthenshire,CARMA_75c111ea8462,2973b5cedd30,CARMA_165
Wales,W10000006,W06000010,Carmarthenshire,CARMA_6ec25d468ba6,8fe66700c7d7,CARMA_166
Wales,W10000006,W06000010,Carmarthenshire,CARMA_5f3cb1979bb2,006a91285485,CARMA_167
Wales,W10000006,W06000010,Carmarthenshire,CARMA_ce3f6ad5e7e5,34444d24284a,CARMA_168
Wales,W10000006,W06000010,Carmarthenshire,CARMA_7c92362a984a,ddee8f404779,CARMA_169
Wales,W10000006,W06000010,Carmarthenshire,CARMA_e944653ee488,f00846b9b498,CARMA_170
Wales,W10000006,W06000010,Carmarthenshire,CARMA_4687e95620b6,a140580ab376,CARMA_171
Wales,W10000006,W06000010,Carmarthenshire,CARMA_cb723d490101,fede93f54fff,CARMA_172
Wales,W10000006,W06000010,Carmarthenshire,CARMA_319cb1a378d1,42af8ec8ae18,CARMA_173
Wales,W10000006,W06000010,Carmarthenshire,CARMA_b745e8f9bfac,99c5cb5fef41,CARMA_174
Wales,W10000006,W06000010,Carmarthenshire,CARMA_c1cf1c9a9631,6f18cbc4d089,CARMA_175
Wales,W10000006,W06000010,Carmarthenshire,CARMA_ed6899813351,01f1f5147641,CARMA_176
Wales,W10000006,W06000010,Carmarthenshire,CARMA_40b5123ea741,96f761e15104,CARMA_177
Wales,W10000006,W06000010,Carmarthenshire,CARMA_a499dcb5a140,403bbcc109af,CARMA_178
Wales,W10000006,W06000010,Carmarthenshire,CARMA_a8f64865fa53,d11aaa788ff8,CARMA_179
Wales,W10000006,W06000010,Carmarthenshire,CARMA_f945cd7c9c7d,1d6157412de3,CARMA_180
Wales,W10000006,W06000010,Carmarthenshire,CARMA_34916c92ac23,41840aeb5576,CARMA_181
Wales,W10000006,W06000010,Carmarthenshire,CARMA_f6c34db4447d,9c07a99527d5,CARMA_182
Wales,W10000006,W06000010,Carmarthenshire,CARMA_34e5ff625f04,64b287225ccb,CARMA_183
Wales,W10000006,W06000010,Carmarthenshire,CARMA_53b15d7afa6b,00567548bfc9,CARMA_184
Wales,W10000006,W06000010,Carmarthenshire,CARMA_d064f9f2ce94,7cfecf2f4145,CARMA_185
Wales,W10000006,W06000010,Carmarthenshire,CARMA_a40e13c531ca,fe547d1bdb84,CARMA_186
Wales,W10000006,W06000010,Carmarthenshire,CARMA_570836bdb84c,8ee610f1dc81,CARMA_187
Wales,W10000006,W06000010,Carmarthenshire,CARMA_a8a433eb8f40,0cf848372189,CARMA_188
Wales,W10000006,W06000010,Carmarthenshire,CARMA_50293c0f6e29,e23668040f3d,CARMA_189
Wales,W10000006,W06000010,Carmarthenshire,CARMA_499667ab1bfb,a1eb15ae5112,CARMA_190
Wales,W10000006,W06000010,Carmarthenshire,CARMA_a34e15d9b3db,22da28a5154e,CARMA_191
Wales,W10000006,W06000010,Carmarthenshire,CARMA_89abf360adee,f4854699eb0d,CARMA_192
Wales,W10000006,W06000010,Carmarthenshire,CARMA_d99aa8d329c2,04a5971f37c3,CARMA_193
Wales,W10000006,W06000010,Carmarthenshire,CARMA_d8dc244a1566,943214c5aef4,CARMA_194
Wales,W10000006,W06000010,Carmarthenshire,CARMA_04ba03dc987d,bd17c130a081,CARMA_195
Wales,W10000006,W06000010,Carmarthenshire,CARMA_4ef8e0d80bb9,aac06b6e862d,CARMA_196
Wales,W10000006,W06000010,Carmarthenshire,CARMA_1ee41540fb5a,77b717a0c94d,CARMA_197
Wales,W10000006,W06000010,Carmarthenshire,CARMA_00c56c22b8f7,a33fa925e130,CARMA_198
Wales,W10000006,W06000010,Carmarthenshire,CARMA_aa245667704f,f0547a50e78f,CARMA_199
Wales,W10000006,W06000010,Carmarthenshire,CARMA_75d4c4d3b729,04d08344544f,CARMA_200
Wales,W10000006,W06000010,Carmarthenshire,CARMA_f910c0ab66ff,8528e4f1e932,CARMA_201
Wales,W10000006,W06000010,Carmarthenshire,CARMA_095119b8abd8,f85437883410,CARMA_202
Wales,W10000006,W06000010,Carmarthenshire,CARMA_c1dce00e970d,5a03a198aef0,CARMA_203
Wales,W10000006,W06000010,Carmarthenshire,CARMA_7ca202b55b90,4a47311089f0,CARMA_204
Wales,W10000006,W06000010,Carmarthenshire,CARMA_30fe02143420,c6b19398b821,CARMA_205
Wales,W10000006,W06000010,Carmarthenshire,CARMA_fe25f9a5508a,5177d495e9a1,CARMA_206
Wales,W10000006,W06000010,Carmarthenshire,CARMA_51c4e3bd6e69,c1bdfb5b84f9,CARMA_207
Wales,W10000006,W06000010,Carmarthenshire,CARMA_f30f6cddf2c5,8b34c7d3ddb8,CARMA_208
Wales,W10000006,W06000010,Carmarthenshire,CARMA_842853352593,17dd24a03e42,CARMA_209
Wales,W10000006,W06000010,Carmarthenshire,CARMA_7194ae8f3138,20d6d367210c,CARMA_210
Wales,W10000006,W06000010,Carmarthenshire,CARMA_435ce9e59405,2f19a8883d96,CARMA_211
Wales,W10000006,W06000010,Carmarthenshire,CARMA_0a3856b823c0,ec07eb466474,CARMA_212
Wales,W10000006,W06000010,Carmarthenshire,CARMA_555e4b6b6b43,efdd656d671f,CARMA_213
Wales,W10000006,W06000010,Carmarthenshire,CARMA_a527ca40847f,9fdae499dc90,CARMA_214
Wales,W10000006,W06000010,Carmarthenshire,CARMA_f7a6b6c53cac,a0c73d4f5d73,CARMA_215
Wales,W10000006,W06000010,Carmarthenshire,CARMA_326d0d49dc09,7699e5854143,CARMA_216
Wales,W10000006,W06000010,Carmarthenshire,CARMA_d2bd3394fe11,1d8fb259e6fd,CARMA_217
Wales,W10000006,W06000010,Carmarthenshire,CARMA_5f62c0089d92,e242a23765d3,CARMA_218
Wales,W10000006,W06000010,Carmarthenshire,CARMA_c19fd2333ea4,2f0cadc1da0f,CARMA_219
Wales,W10000006,W06000010,Carmarthenshire,CARMA_b1a0af8149d2,cbf3ee145941,CARMA_220
Wales,W10000006,W06000010,Carmarthenshire,CARMA_a6efb777cdc8,11567606a824,CARMA_221
Wales,W10000006,W06000010,Carmarthenshire,CARMA_5a73085da42e,8510bedfe814,CARMA_222
Wales,W10000006,W06000010,Carmarthenshire,CARMA_c71b9d089b69,44dcaf235ddb,CARMA_223
Wales,W10000006,W06000010,Carmarthenshire,CARMA_68559ca4ee45,affa4d6e7189,CARMA_224
Wales,W10000006,W06000010,Carmarthenshire,CARMA_f6f92f3accc3,f1b0ba06efde,CARMA_225
Wales,W10000006,W06000010,Carmarthenshire,CARMA_ce00665eadd7,ff5485022012,CARMA_226
Wales,W10000006,W06000010,Carmarthenshire,CARMA_4d738945864a,ec4402432f67,CARMA_227
Wales,W10000006,W06000010,Carmarthenshire,CARMA_f65d1f6336a2,76daecca53f4,CARMA_228
Wales,W10000006,W06000010,Carmarthenshire,CARMA_8472803db828,0d40a094e09d,CARMA_229
Wales,W10000006,W06000010,Carmarthenshire,CARMA_0adb27985638,2b6be6958681,CARMA_230
Wales,W10000006,W06000010,Carmarthenshire,CARMA_e80d52073b3d,1845ae3e19df,CARMA_231
Wales,W10000006,W06000010,Carmarthenshire,CARMA_66c3b0ab290d,36069fe4af65,CARMA_232
Wales,W10000006,W06000010,Carmarthenshire,CARMA_deda5b7cda19,2186a45a0f8a,CARMA_233
Wales,W10000006,W06000010,Carmarthenshire,CARMA_007ac1c5d16f,adf01e4c6ba8,CARMA_234
Wales,W10000006,W06000010,Carmarthenshire,CARMA_ce861cf4f5c8,a782d571743d,CARMA_235
Wales,W10000006,W06000010,Carmarthenshire,CARMA_8df6afb2011a,1fb9c368f6b0,CARMA_236
Wales,W10000006,W06000010,Carmarthenshire,CARMA_74537753c2cc,c135e538eb6e,CARMA_237
Wales,W10000006,W06000010,Carmarthenshire,CARMA_fa2f296991ec,786333bfe35f,CARMA_238
Wales,W10000006,W06000010,Carmarthenshire,CARMA_d40eeb49aeff,59d5ff5c9ee8,CARMA_239
Wales,W10000006,W06000010,Carmarthenshire,CARMA_8d41339e27e5,80623744a68a,CARMA_240
Wales,W10000006,W06000010,Carmarthenshire,CARMA_2743525067c9,8bbb7db02908,CARMA_241
Wales,W10000006,W06000010,Carmarthenshire,CARMA_760d4e9bdd00,e6251bf3d2c3,CARMA_242
Wales,W10000006,W06000010,Carmarthenshire,CARMA_92e096f6db85,47feab8c2b9a,CARMA_243
Wales,W10000006,W06000010,Carmarthenshire,CARMA_ddd5950fd2dd,3a29a83cdd23,CARMA_244
Wales,W10000006,W06000010,Carmarthenshire,CARMA_ab7f95aa0277,8bc372057e97,CARMA_245
Wales,W10000006,W06000010,Carmarthenshire,CARMA_a40c85e56c2e,5a37afa1f61a,CARMA_246
Wales,W10000006,W06000010,Carmarthenshire,CARMA_66d7ad10d3a0,253590c96e0d,CARMA_247
Wales,W10000006,W06000010,Carmarthenshire,CARMA_3cd64e852836,16892b231150,CARMA_248
Wales,W10000006,W06000010,Carmarthenshire,CARMA_eb673426e764,5ef02d1f2dc9,CARMA_249
Wales,W10000006,W06000010,Carmarthenshire,CARMA_4414090a7d79,469d5285b3d8,CARMA_250
Wales,W10000006,W06000010,Carmarthenshire,CARMA_5c44a95b5d12,e26a93f688da,CARMA_251
Wales,W10000006,W06000010,Carmarthenshire,CARMA_ab64b0f79fb6,65872e6a783e,CARMA_252
Wales,W10000006,W06000010,Carmarthenshire,CARMA_fca70373cdae,8ddea8baf972,CARMA_253
Wales,W10000006,W06000010,Carmarthenshire,CARMA_a1c7c2b89891,a9b4f1bdb915,CARMA_254
Wales,W10000006,W06000010,Carmarthenshire,CARMA_02b3a933097f,765fd076026f,CARMA_255
Wales,W10000006,W06000010,Carmarthenshire,CARMA_af3e2f2d08a9,9f6f33cc7b9f,CARMA_256
Wales,W10000006,W06000010,Carmarthenshire,CARMA_6e3f812a319b,e1127263b3c6,CARMA_257
Wales,W10000006,W06000010,Carmarthenshire,CARMA_c529998a3023,dc1cafce3f4a,CARMA_258
Wales,W10000006,W06000010,Carmarthenshire,CARMA_ebf6f98706d4,d16b8b8196b9,CARMA_259
Wales,W10000006,W06000010,Carmarthenshire,CARMA_46b90fd28c92,c3d14c592b7e,CARMA_260
Wales,W10000006,W06000010,Carmarthenshire,CARMA_bcca41db07b6,ded578ff7470,CARMA_261
Wales,W10000006,W06000010,Carmarthenshire,CARMA_f532d0f031e8,4939b51517a3,CARMA_262
Wales,W10000006,W06000010,Carmarthenshire,CARMA_55c28da45aa5,43e419a54a2a,CARMA_263
Wales,W10000006,W06000010,Carmarthenshire,CARMA_2a10b727df31,a4110a4d422b,CARMA_264
Wales,W10000006,W06000010,Carmarthenshire,CARMA_89002ec3aa82,83c5839cc306,CARMA_265
Wales,W10000006,W06000010,Carmarthenshire,CARMA_27ff02f2301c,0f4f8b260fe8,CARMA_266
Wales,W10000006,W06000010,Carmarthenshire,CARMA_fa9c492ca381,3d5eb6d779b9,CARMA_267
Wales,W10000006,W06000010,Carmarthenshire,CARMA_068f83f9cc7e,df5cdba491b3,CARMA_268
Wales,W10000006,W06000010,Carmarthenshire,CARMA_08f81bbb3ac5,a4ea40470e89,CARMA_269
Wales,W10000006,W06000010,Carmarthenshire,CARMA_0a9a23922ea0,c9046f4d183b,CARMA_270
Wales,W10000006,W06000010,Carmarthenshire,CARMA_14ed41cecf35,5673090a0471,CARMA_271
Wales,W10000006,W06000010,Carmarthenshire,CARMA_d0f7c1104de5,9a9a8af20af2,CARMA_272
Wales,W10000006,W06000010,Carmarthenshire,CARMA_8f9bf351dea7,ceaa2bec01ff,CARMA_273
Wales,W10000006,W06000010,Carmarthenshire,CARMA_65bf75de9a02,99237e660f9b,CARMA_274
Wales,W10000006,W06000010,Carmarthenshire,CARMA_8bcc67179876,70d0ee927d8d,CARMA_275
Wales,W10000006,W06000010,Carmarthenshire,CARMA_45b256333bf5,f7d13f538235,CARMA_276
Wales,W10000006,W06000010,Carmarthenshire,CARMA_b46b81d237a5,f13c04a8cfab,CARMA_277
Wales,W10000006,W06000010,Carmarthenshire,CARMA_590c47d444a0,7b556112b825,CARMA_278
Wales,W10000006,W06000010,Carmarthenshire,CARMA_c937805d125b,f9764f15d32e,CARMA_279
Wales,W10000006,W06000010,Carmarthenshire,CARMA_29d0a0b7d947,3d2a7033ce36,CARMA_280
Wales,W10000006,W06000010,Carmarthenshire,CARMA_8f469353fe12,1ce314eaf119,CARMA_281
Wales,W10000006,W06000010,Carmarthenshire,CARMA_3359124b6878,43b93da5590e,CARMA_282
Wales,W10000006,W06000010,Carmarthenshire,CARMA_43fab27f9de3,cedafa06e987,CARMA_283
Wales,W10000006,W06000010,Carmarthenshire,CARMA_b59a3d7b2268,c18d76eea967,CARMA_284
Wales,W10000006,W06000010,Carmarthenshire,CARMA_b3f3ddc0fd90,70ccb4b146f6,CARMA_285
Wales,W10000006,W06000010,Carmarthenshire,CARMA_9198081eb124,34b9b1e5c063,CARMA_286
Wales,W10000006,W06000010,Carmarthenshire,CARMA_a1107fd3e95a,512ce42ee306,CARMA_287
Wales,W10000006,W06000010,Carmarthenshire,CARMA_a4447b684ae8,6eae3ad4c8ea,CARMA_288
Wales,W10000006,W06000010,Carmarthenshire,CARMA_254ddf0e2b2d,9f2d62482869,CARMA_289
Wales,W10000006,W06000010,Carmarthenshire,CARMA_b5a46336767b,2a5313740c4a,CARMA_290
Wales,W10000006,W06000010,Carmarthenshire,CARMA_d8d25a999819,1028404aa5df,CARMA_291
Wales,W10000006,W06000010,Carmarthenshire,CARMA_77dce153015b,c4c3cb253b3b,CARMA_292
Wales,W10000006,W06000010,Carmarthenshire,CARMA_7f6915d6050c,351b41e8d953,CARMA_293
Wales,W10000006,W06000010,Carmarthenshire,CARMA_0a14291bc5c9,65c342decd63,CARMA_294
Wales,W10000006,W06000010,Carmarthenshire,CARMA_132aa06548dc,b2c5565f9448,CARMA_295
Wales,W10000006,W06000010,Carmarthenshire,CARMA_ff9a5a789849,041f0c151ecc,CARMA_296
Wales,W10000006,W06000010,Carmarthenshire,CARMA_1654a6736f2c,3ff0698f9fdf,CARMA_297
Wales,W10000006,W06000010,Carmarthenshire,CARMA_5ffbfe61b436,b1dc182004b3,CARMA_298
Wales,W10000006,W06000010,Carmarthenshire,CARMA_9ad3537b3f65,637550de428e,CARMA_299
Wales,W10000006,W06000010,Carmarthenshire,CARMA_f0429ca03142,31245d0d6531,CARMA_300
Wales,W10000006,W06000010,Carmarthenshire,CARMA_e399bee4b09b,5b31f338d489,CARMA_301
Wales,W10000006,W06000010,Carmarthenshire,CARMA_e31ff4e8d31d,24f895018bce,CARMA_302
Wales,W10000006,W06000010,Carmarthenshire,CARMA_27548d25051f,643c604dab0f,CARMA_303
Wales,W10000006,W06000010,Carmarthenshire,CARMA_05e3a713bfed,fda101ab5462,CARMA_304
Wales,W10000006,W06000010,Carmarthenshire,CARMA_90cefaa4c76f,0bb98ac8ce31,CARMA_305
Wales,W10000006,W06000010,Carmarthenshire,CARMA_fb5019c460de,d9fca3b982e7,CARMA_306
Wales,W10000006,W06000010,Carmarthenshire,CARMA_a750d099c973,aee322ac8aea,CARMA_307
Wales,W10000006,W06000010,Carmarthenshire,CARMA_d98b07e7c819,62f48bf28d31,CARMA_308
Wales,W10000006,W06000010,Carmarthenshire,CARMA_0fc4c224d022,ac6eb6181ec9,CARMA_309
Wales,W10000006,W06000010,Carmarthenshire,CARMA_5db827924322,3d0ec9272b9f,CARMA_310
Wales,W10000006,W06000010,Carmarthenshire,CARMA_ef16a48f4261,2027d658f48f,CARMA_311
Wales,W10000006,W06000010,Carmarthenshire,CARMA_47280bec9f7d,6c9472701402,CARMA_312
Wales,W10000006,W06000010,Carmarthenshire,CARMA_df4675d0c6fe,808b67a14c67,CARMA_313
Wales,W10000006,W06000010,Carmarthenshire,CARMA_d221d8327579,4b7f47816bff,CARMA_314
Wales,W10000006,W06000010,Carmarthenshire,CARMA_3f0e024bf9e4,2ffe38af94b5,CARMA_315
Wales,W10000006,W06000010,Carmarthenshire,CARMA_285ca317e11a,9e47fb396e93,CARMA_316
Wales,W10000006,W06000010,Carmarthenshire,CARMA_be7163e5bd80,a45fc2170778,CARMA_317
Wales,W10000006,W06000010,Carmarthenshire,CARMA_a248b0b83d6e,d72a298d1666,CARMA_318
Wales,W10000006,W06000010,Carmarthenshire,CARMA_13a18a09e821,27fb4f4b29be,CARMA_319
Wales,W10000006,W06000010,Carmarthenshire,CARMA_64d6662c4b14,360747d4414a,CARMA_320
Wales,W10000006,W06000010,Carmarthenshire,CARMA_a8b2bf8d7aa4,9df2442e5bb5,CARMA_321
Wales,W10000006,W06000010,Carmarthenshire,CARMA_a2dce62df46c,1624274b22c9,CARMA_322
Wales,W10000006,W06000010,Carmarthenshire,CARMA_ec27759f8751,42ad22a20d9b,CARMA_323
Wales,W10000006,W06000010,Carmarthenshire,CARMA_9d3a42ed9ed4,6ec6c1b08c3c,CARMA_324
Wales,W10000006,W06000010,Carmarthenshire,CARMA_6e9eb71211da,111b39e41693,CARMA_325
Wales,W10000006,W06000010,Carmarthenshire,CARMA_63c465eb8d74,f536f49d2256,CARMA_326
Wales,W10000006,W06000010,Carmarthenshire,CARMA_8e66f18b9b6c,85fc0457d411,CARMA_327
Wales,W10000006,W06000010,Carmarthenshire,CARMA_b7b0a326fd62,269f9837cf2e,CARMA_328
Wales,W10000006,W06000010,Carmarthenshire,CARMA_01c198275776,2cb9181b3bb4,CARMA_329
Wales,W10000006,W06000010,Carmarthenshire,CARMA_e03759646202,46b747bd46ff,CARMA_330
Wales,W10000006,W06000010,Carmarthenshire,CARMA_093cc28f3113,085b655f2fba,CARMA_331
Wales,W10000006,W06000010,Carmarthenshire,CARMA_ef8736d60b54,3bcfdc72e91e,CARMA_332
Wales,W10000006,W06000010,Carmarthenshire,CARMA_2e4da25994c7,4346e5e7e5d9,CARMA_333
Wales,W10000006,W06000010,Carmarthenshire,CARMA_b3685b448e89,7a8b06899114,CARMA_334
Wales,W10000006,W06000010,Carmarthenshire,CARMA_c7f0953e0802,e9b37ed6008f,CARMA_335
Wales,W10000006,W06000010,Carmarthenshire,CARMA_9f833acdbb95,f523efdeeb26,CARMA_336
Wales,W10000006,W06000010,Carmarthenshire,CARMA_c586d1c8473d,3b1e0ca43604,CARMA_337
Wales,W10000006,W06000010,Carmarthenshire,CARMA_4c943e56df4e,d9aa1036f135,CARMA_338
Wales,W10000006,W06000010,Carmarthenshire,CARMA_6e78f3940667,e22a9f4423c4,CARMA_339
Wales,W10000006,W06000010,Carmarthenshire,CARMA_69675f110fe1,db4510a6994a,CARMA_340
Wales,W10000006,W06000010,Carmarthenshire,CARMA_6e8c95c8466b,3068f907fe7d,CARMA_341
Wales,W10000006,W06000010,Carmarthenshire,CARMA_fbaf6f447f5e,95407d8a27ee,CARMA_342
Wales,W10000006,W06000010,Carmarthenshire,CARMA_404073271f66,4090dda4b281,CARMA_343
Wales,W10000006,W06000010,Carmarthenshire,CARMA_8b9291d12b1e,983eae3bd3b3,CARMA_344
Wales,W10000006,W06000010,Carmarthenshire,CARMA_5b414ebc8795,d128f2e09ea1,CARMA_345
Wales,W10000006,W06000010,Carmarthenshire,CARMA_7aa5915de343,530ee34be647,CARMA_346
Wales,W10000006,W06000010,Carmarthenshire,CARMA_12468545e538,fda36c4b80a6,CARMA_347
Wales,W10000006,W06000010,Carmarthenshire,CARMA_931281f72eb4,8aa006812f6c,CARMA_348
Wales,W10000006,W06000010,Carmarthenshire,CARMA_44f83f24ccfe,549fa8af0318,CARMA_349
Wales,W10000006,W06000010,Carmarthenshire,CARMA_95e0ec2a089d,519e66bc795d,CARMA_350
Wales,W10000006,W06000010,Carmarthenshire,CARMA_68c065a072eb,9f831821de62,CARMA_351
Wales,W10000006,W06000010,Carmarthenshire,CARMA_324283ba083d,dcc8048c593b,CARMA_352
Wales,W10000006,W06000010,Carmarthenshire,CARMA_2dd2b9e100b2,c655128c843e,CARMA_353
Wales,W10000006,W06000010,Carmarthenshire,CARMA_980c268e9adb,e45d4fb367dd,CARMA_354
Wales,W10000006,W06000010,Carmarthenshire,CARMA_f2dab3378c3c,85226b3069e3,CARMA_355
Wales,W10000006,W06000010,Carmarthenshire,CARMA_18eaa26fffba,b31ba9453134,CARMA_356
Wales,W10000006,W06000010,Carmarthenshire,CARMA_6d76e4745eac,0978dbd2faba,CARMA_357
Wales,W10000006,W06000010,Carmarthenshire,CARMA_67a4cb4760f7,d692c11b3c64,CARMA_358
Wales,W10000006,W06000010,Carmarthenshire,CARMA_19c4b269223d,2976ce7e8170,CARMA_359
Wales,W10000006,W06000010,Carmarthenshire,CARMA_b6ce4f90e34f,9cbe49f10aaf,CARMA_360
Wales,W10000006,W06000010,Carmarthenshire,CARMA_86e95efc4764,38382a9d9225,CARMA_361
Wales,W10000006,W06000010,Carmarthenshire,CARMA_ccb22dbe00e1,12da0588b7cb,CARMA_362
Wales,W10000006,W06000010,Carmarthenshire,CARMA_8d54457d1fb5,fca359bb4bf7,CARMA_363
Wales,W10000006,W06000010,Carmarthenshire,CARMA_923e5089d8d9,2db91d5b2689,CARMA_364
Wales,W10000006,W06000010,Carmarthenshire,CARMA_7e0ba2831382,f41e9c05a288,CARMA_365
Wales,W10000006,W06000010,Carmarthenshire,CARMA_bd44eb5d76cf,16bc8b14d1df,CARMA_366
Wales,W10000006,W06000010,Carmarthenshire,CARMA_89d8bb3442cd,f584ed80064f,CARMA_367
Wales,W10000006,W06000010,Carmarthenshire,CARMA_2699dee5e3f5,130d713bd575,CARMA_368
Wales,W10000006,W06000010,Carmarthenshire,CARMA_38354fa3e939,b333784b7d4a,CARMA_369
Wales,W10000006,W06000010,Carmarthenshire,CARMA_89c230a66b87,ac0701c318a6,CARMA_370
Wales,W10000006,W06000010,Carmarthenshire,CARMA_99e3abd17c93,28cfee0bc80a,CARMA_371
Wales,W10000006,W06000010,Carmarthenshire,CARMA_6e7f5b646040,e4832a1ab3f7,CARMA_372
Wales,W10000006,W06000010,Carmarthenshire,CARMA_45d59a8e047e,f0e3c4a17582,CARMA_373
Wales,W10000006,W06000010,Carmarthenshire,CARMA_0e0a60736498,4a40f18eb039,CARMA_374
Wales,W10000006,W06000010,Carmarthenshire,CARMA_a77b0aa474d4,876d665eaa69,CARMA_375
Wales,W10000006,W06000010,Carmarthenshire,CARMA_76c885d052f4,9393a94aa8e9,CARMA_376
Wales,W10000006,W06000010,Carmarthenshire,CARMA_f4308f51f747,10d88e9fd23b,CARMA_377
Wales,W10000006,W06000010,Carmarthenshire,CARMA_7223cbfbcadc,a2922ecd5286,CARMA_378
Wales,W10000006,W06000010,Carmarthenshire,CARMA_f2beca73d14d,daff8e9a138a,CARMA_379
Wales,W10000006,W06000010,Carmarthenshire,CARMA_196bc383cd23,8f6e3b804b22,CARMA_380
Wales,W10000006,W06000010,Carmarthenshire,CARMA_13e1e3f40996,00214eb6aef7,CARMA_381
Wales,W10000006,W06000010,Carmarthenshire,CARMA_5cb4b87657d2,300eee243eab,CARMA_382
Wales,W10000006,W06000010,Carmarthenshire,CARMA_c9fa5a9516c0,cfc3ab50d0c7,CARMA_383
Wales,W10000006,W06000010,Carmarthenshire,CARMA_3618750f9ee3,f69eb2cbee4b,CARMA_384
Wales,W10000006,W06000010,Carmarthenshire,CARMA_3e212dc6647a,c55e324f67d2,CARMA_385
Wales,W10000006,W06000010,Carmarthenshire,CARMA_57efd8405d63,8a0bd12a16ed,CARMA_386
Wales,W10000006,W06000010,Carmarthenshire,CARMA_9463c1da7186,d1f708bc1dd2,CARMA_387
Wales,W10000006,W06000010,Carmarthenshire,CARMA_63166b77cea9,a4e34a7fa3d9,CARMA_388
Wales,W10000006,W06000010,Carmarthenshire,CARMA_ce1fc4c8d207,ec9dc666ba17,CARMA_389
Wales,W10000006,W06000010,Carmarthenshire,CARMA_0593c5302d90,10c44a298991,CARMA_390
Wales,W10000006,W06000010,Carmarthenshire,CARMA_1c6fb143b105,0acc236714ee,CARMA_391
Wales,W10000006,W06000010,Carmarthenshire,CARMA_c45dbbd179af,e8a1349f88da,CARMA_392
Wales,W10000006,W06000010,Carmarthenshire,CARMA_72ef205cacd4,100559196996,CARMA_393
Wales,W10000006,W06000010,Carmarthenshire,CARMA_9e8094e36875,80bd676f4b0f,CARMA_394
Wales,W10000006,W06000010,Carmarthenshire,CARMA_f3f725d823b3,4c53b120ba5c,CARMA_395
Wales,W10000006,W06000010,Carmarthenshire,CARMA_8cdf209e7652,3627cda55450,CARMA_396
Wales,W10000006,W06000010,Carmarthenshire,CARMA_71b069472b2e,3449c4b36263,CARMA_397
Wales,W10000006,W06000010,Carmarthenshire,CARMA_16bcfb73a16d,23f0c393f2b2,CARMA_398
Wales,W10000006,W06000010,Carmarthenshire,CARMA_c4c417b8db1c,fa5bbdde2eca,CARMA_399
Wales,W10000006,W06000010,Carmarthenshire,CARMA_ba14b9db7e98,ac3d693f0fe5,CARMA_400
Wales,W10000006,W06000010,Carmarthenshire,CARMA_80c76d746f36,009840ada46e,CARMA_401
Wales,W10000006,W06000010,Carmarthenshire,CARMA_8aa677f1daa8,2ac3e33aa410,CARMA_402
Wales,W10000006,W06000010,Carmarthenshire,CARMA_2340f641a25a;CARMA_3e19f635ce8c,05cc223c8811,CARMA_403
Wales,W10000006,W06000010,Carmarthenshire,CARMA_0a3ef5f32991,ad7850b546ec,CARMA_404
Wales,W10000006,W06000010,Carmarthenshire,CARMA_cacc605f2801,73855a7545b3,CARMA_405
Wales,W10000006,W06000010,Carmarthenshire,CARMA_f613320dc242,d4e48b659798,CARMA_406
Wales,W10000006,W06000010,Carmarthenshire,CARMA_91fc78fd8be9,b8fc61885e44,CARMA_407
Wales,W10000006,W06000010,Carmarthenshire,CARMA_147e95a4f511,c5c506b36063,CARMA_408
Wales,W10000006,W06000010,Carmarthenshire,CARMA_be3e21ba75b1,eedab1f7dcb1,CARMA_409
Wales,W10000006,W06000010,Carmarthenshire,CARMA_ac515cebc8bc,f7121848610b,CARMA_410
Wales,W10000006,W06000010,Carmarthenshire,CARMA_b401fa4e4b04,a02ec9e83f73,CARMA_411
Wales,W10000006,W06000010,Carmarthenshire,CARMA_c9943014eae2,c9d7811f5be2,CARMA_412
Wales,W10000006,W06000010,Carmarthenshire,CARMA_2e54e158f975,d5789755a74b,CARMA_413
Wales,W10000006,W06000010,Carmarthenshire,CARMA_483626973a35,3bea465f4947,CARMA_414
Wales,W10000006,W06000010,Carmarthenshire,CARMA_296a35952bf1,ea50fc4e87a8,CARMA_415
Wales,W10000006,W06000010,Carmarthenshire,CARMA_f47cdb764c1e,a412d0538e7f,CARMA_416
Wales,W10000006,W06000010,Carmarthenshire,CARMA_49a41a26b8a5,a25c66a4a09b,CARMA_417
Wales,W10000006,W06000010,Carmarthenshire,CARMA_01b0d1a7a0ad,edb2903a4ea8,CARMA_418
Wales,W10000006,W06000010,Carmarthenshire,CARMA_3a588eed4ad3,81b2f69f2107,CARMA_419
Wales,W10000006,W06000010,Carmarthenshire,CARMA_6eb498275973,fcb1b2b0aec0,CARMA_420
Wales,W10000006,W06000010,Carmarthenshire,CARMA_1cf86ff56f4b,44123d737f06,CARMA_421
Wales,W10000006,W06000010,Carmarthenshire,CARMA_68723c5de3b6,1a58c8b24dcd,CARMA_422
Wales,W10000006,W06000010,Carmarthenshire,CARMA_672b0f9fa181,3bf687872b01,CARMA_423
Wales,W10000006,W06000010,Carmarthenshire,CARMA_8770d7061f48,cee4b5428d9f,CARMA_424
Wales,W10000006,W06000010,Carmarthenshire,CARMA_b52c39a4d53c,f11cb9f76016,CARMA_425
Wales,W10000006,W06000010,Carmarthenshire,CARMA_4f71d3614696,5cd8c7838c2d,CARMA_426
Wales,W10000006,W06000010,Carmarthenshire,CARMA_3801b7161e0d,15f6e04d5c2d,CARMA_427
Wales,W10000006,W06000010,Carmarthenshire,CARMA_881f51b91fbd,b2ed7f866f7a,CARMA_428
Wales,W10000006,W06000010,Carmarthenshire,CARMA_f7b65fad91ac,2c83e5e32100,CARMA_429
Wales,W10000006,W06000010,Carmarthenshire,CARMA_501322f7142a,e2ed48a36095,CARMA_430
Wales,W10000006,W06000010,Carmarthenshire,CARMA_2868cf489b7c,1beaa9a14cf2,CARMA_431
Wales,W10000006,W06000010,Carmarthenshire,CARMA_09ac7f8f09d5,994b9df8b065,CARMA_432
Wales,W10000006,W06000010,Carmarthenshire,CARMA_cf604a2db829,5ba6a7fe7929,CARMA_433
Wales,W10000006,W06000010,Carmarthenshire,CARMA_587732d8e0e2,634b1741990d,CARMA_434
Wales,W10000006,W06000010,Carmarthenshire,CARMA_0120b0ba1293,b64b23f80d97,CARMA_435
Wales,W10000006,W06000010,Carmarthenshire,CARMA_42c3485ea568,ce21b54913ca,CARMA_436
Wales,W10000006,W06000010,Carmarthenshire,CARMA_511eb4ce4ced,6425b55c73ed,CARMA_437
Wales,W10000006,W06000010,Carmarthenshire,CARMA_cbb7c24afed9,e7ef212c290d,CARMA_438
Wales,W10000006,W06000010,Carmarthenshire,CARMA_6021d45a9563,3ef7255167e0,CARMA_439
Wales,W10000006,W06000010,Carmarthenshire,CARMA_dd870a717f10,ea4493353e9e,CARMA_440
Wales,W10000006,W06000010,Carmarthenshire,CARMA_1ea9ec1c3593,e14d42fd29a1,CARMA_441
Wales,W10000006,W06000010,Carmarthenshire,CARMA_961f9eb3359a,609e34134913,CARMA_442
Wales,W10000006,W06000010,Carmarthenshire,CARMA_59d5d36eb2ec,d1d11a737b3c,CARMA_443
Wales,W10000006,W06000010,Carmarthenshire,CARMA_d849deab5736,158da88a9b57,CARMA_444
Wales,W10000006,W06000010,Carmarthenshire,CARMA_e6054feeedef,d56859cf1f8a,CARMA_445
Wales,W10000006,W06000010,Carmarthenshire,CARMA_ef4172551c9c,2de2507aa345,CARMA_446
Wales,W10000006,W06000010,Carmarthenshire,CARMA_528a58acb497,76cac50cc0a9,CARMA_447
Wales,W10000006,W06000010,Carmarthenshire,CARMA_6e986a3a6832,aaf9da0caf8a,CARMA_448
Wales,W10000006,W06000010,Carmarthenshire,CARMA_1c1da304ed59,626294efc56b,CARMA_449
Wales,W10000006,W06000010,Carmarthenshire,CARMA_c51dcf3acaf3,025233d62639,CARMA_450
Wales,W10000006,W06000010,Carmarthenshire,CARMA_b4028d83370e,bdbe5d3a714d,CARMA_451
Wales,W10000006,W06000010,Carmarthenshire,CARMA_42e776a13598,db6adfeca4ad,CARMA_452
Wales,W10000006,W06000010,Carmarthenshire,CARMA_5cf27a09672f,b0e2f244f360,CARMA_453
Wales,W10000006,W06000010,Carmarthenshire,CARMA_827e9a555b9d,69ce3a7a7d55,CARMA_454
Wales,W10000006,W06000010,Carmarthenshire,CARMA_1e25b70f7956,a7c8a3b8ea17,CARMA_455
Wales,W10000006,W06000010,Carmarthenshire,CARMA_df6267c52385,b35ec0f343ce,CARMA_456
Wales,W10000006,W06000010,Carmarthenshire,CARMA_b524ee4b6a81,dc01d8363e99,CARMA_457
Wales,W10000006,W06000010,Carmarthenshire,CARMA_a6454f6e5b60,c03231d09f31,CARMA_458
Wales,W10000006,W06000010,Carmarthenshire,CARMA_c65b3ece3812,58785d3bea42,CARMA_459
Wales,W10000006,W06000010,Carmarthenshire,CARMA_b44906d81e18,7015fc6117ac,CARMA_460
Wales,W10000006,W06000010,Carmarthenshire,CARMA_ebeb92dc51b1,9dff9beca55f,CARMA_461
Wales,W10000006,W06000010,Carmarthenshire,CARMA_f5ba5237fc94,aa3c5bdc9986,CARMA_462
Wales,W10000006,W06000010,Carmarthenshire,CARMA_94cfa00ca08a,582031f07dca,CARMA_463
Wales,W10000006,W06000010,Carmarthenshire,CARMA_71c076e7aa00,2a131459dd11,CARMA_464
Wales,W10000006,W06000010,Carmarthenshire,CARMA_d3cd883734e4,6b15df5b1892,CARMA_465
Wales,W10000006,W06000010,Carmarthenshire,CARMA_985b8614afb3,052bc0d6cbfa,CARMA_466
Wales,W10000006,W06000010,Carmarthenshire,CARMA_b377607a39f3,0ffc0fbfa916,CARMA_467
Wales,W10000006,W06000010,Carmarthenshire,CARMA_da771708848b,a5f7d0e8f832,CARMA_468
Wales,W10000006,W06000010,Carmarthenshire,CARMA_0d6562cc5855,53ee4d8e8004,CARMA_469
Wales,W10000006,W06000010,Carmarthenshire,CARMA_d3e1ced4be5d,8269b679413d,CARMA_470
Wales,W10000006,W06000010,Carmarthenshire,CARMA_e219f95cacd5,10ed6d145a7b,CARMA_471
Wales,W10000006,W06000010,Carmarthenshire,CARMA_50d769538e9a,c1bf2cad8687,CARMA_472
Wales,W10000006,W06000010,Carmarthenshire,CARMA_e4afbcacb5ff,0254f7d9e0dc,CARMA_473
Wales,W10000006,W06000010,Carmarthenshire,CARMA_7608084181b7,72edea8f42e2,CARMA_474
Wales,W10000006,W06000010,Carmarthenshire,CARMA_fa58da52009d,da3e552b5e6e,CARMA_475
Wales,W10000006,W06000010,Carmarthenshire,CARMA_6b279a0dea05,83cbd445e180,CARMA_476
Wales,W10000006,W06000010,Carmarthenshire,CARMA_c0d2c71f9d79,7d8c1197ad85,CARMA_477
Wales,W10000006,W06000010,Carmarthenshire,CARMA_84ef1a223b22,702e654ca825,CARMA_478
Wales,W10000006,W06000010,Carmarthenshire,CARMA_94d4185a99ce,c457b70c7416,CARMA_479
Wales,W10000006,W06000010,Carmarthenshire,CARMA_90ef1ffe2238,7b91b62e6016,CARMA_480
Wales,W10000006,W06000010,Carmarthenshire,CARMA_c1cb1de3e2cb,d4a3e35eb8bf,CARMA_481
Wales,W10000006,W06000010,Carmarthenshire,CARMA_d2e037616fe1,844f66961698,CARMA_482
Wales,W10000006,W06000010,Carmarthenshire,CARMA_4e571d64101b,90e1e2a27773,CARMA_483
Wales,W10000006,W06000010,Carmarthenshire,CARMA_49fe1f2ca6fc,7a796042eae4,CARMA_484
Wales,W10000006,W06000010,Carmarthenshire,CARMA_f9a5cc37f101,ee344d359004,CARMA_485
Wales,W10000006,W06000010,Carmarthenshire,CARMA_f07136ad593a,a7859f87a2a5,CARMA_486
Wales,W10000006,W06000010,Carmarthenshire,CARMA_6b1df6480657,584392410695,CARMA_487
Wales,W10000006,W06000010,Carmarthenshire,CARMA_32d193dbe7a4,754bd6ad9a31,CARMA_488
Wales,W10000006,W06000010,Carmarthenshire,CARMA_0bfceab555c0,3b728f3d1847,CARMA_489
Wales,W10000006,W06000010,Carmarthenshire,CARMA_84cb2b9b2bad,b4f1bf4056e6,CARMA_490
Wales,W10000006,W06000010,Carmarthenshire,CARMA_413a5c71c31b,40407a068d78,CARMA_491
Wales,W10000006,W06000010,Carmarthenshire,CARMA_82d2caf45767,c292c1a3914d,CARMA_492
Wales,W10000006,W06000010,Carmarthenshire,CARMA_46b2574cc6d9,96106212646d,CARMA_493
Wales,W10000006,W06000010,Carmarthenshire,CARMA_1f39f565bd5e,a4c9d315c627,CARMA_494
Wales,W10000006,W06000010,Carmarthenshire,CARMA_8a4950eff074,e97c6a44bbeb,CARMA_495
Wales,W10000006,W06000010,Carmarthenshire,CARMA_8007c369b893,4555e90b158e,CARMA_496
Wales,W10000006,W06000010,Carmarthenshire,CARMA_cfe32c80e439,d9c4eea28088,CARMA_497
Wales,W10000006,W06000010,Carmarthenshire,CARMA_9274839eadce,b8d0bb9a8dc1,CARMA_498
Wales,W10000006,W06000010,Carmarthenshire,CARMA_12a1c1800dbb,41d7c0b02f4b,CARMA_499
Wales,W10000006,W06000010,Carmarthenshire,CARMA_bedf735606a4,ab8886762026,CARMA_500
Wales,W10000006,W06000010,Carmarthenshire,CARMA_c2290eb15664,bf1cc0f56226,CARMA_501
Wales,W10000006,W06000010,Carmarthenshire,CARMA_057eff9b3f13,7203858e39e7,CARMA_502
Wales,W10000006,W06000010,Carmarthenshire,CARMA_effb26f6913a,153624e0b461,CARMA_503
Wales,W10000006,W06000010,Carmarthenshire,CARMA_20368063e14e,c41bbc079d47,CARMA_504
Wales,W10000006,W06000010,Carmarthenshire,CARMA_bb416571b20d,16d92f2ca62d,CARMA_505
Wales,W10000006,W06000010,Carmarthenshire,CARMA_7166f5e347ee,7f356234e869,CARMA_506
Wales,W10000006,W06000010,Carmarthenshire,CARMA_b8705d61daf4,d35eca08d4a8,CARMA_507
Wales,W10000006,W06000010,Carmarthenshire,CARMA_c7beb4ca0af5,ee9c57c6cefe,CARMA_508
Wales,W10000006,W06000010,Carmarthenshire,CARMA_30b16a65e306,59e637d8439c,CARMA_509
Wales,W10000006,W06000010,Carmarthenshire,CARMA_c49bbc5b676c,ebcbead56884,CARMA_510
Wales,W10000006,W06000010,Carmarthenshire,CARMA_f4f41eca630c,c84c89d62a3d,CARMA_511
Wales,W10000006,W06000010,Carmarthenshire,CARMA_f8850062fa95,8149a30fa4cd,CARMA_512
Wales,W10000006,W06000010,Carmarthenshire,CARMA_a7091bb05b60,55705150fbdf,CARMA_513
Wales,W10000006,W06000010,Carmarthenshire,CARMA_0b35782b7c96,ef943a5c9bfa,CARMA_514
Wales,W10000006,W06000010,Carmarthenshire,CARMA_0b81fe6a29c8,b91c4338148a,CARMA_515
Wales,W10000006,W06000010,Carmarthenshire,CARMA_149787ff0968,1fb5169a288f,CARMA_516
Wales,W10000006,W06000010,Carmarthenshire,CARMA_f5c38e273b31,d2bf27ef0c4a,CARMA_517
Wales,W10000006,W06000010,Carmarthenshire,CARMA_03665d0a8c65,77c979a41144,CARMA_518
Wales,W10000006,W06000010,Carmarthenshire,CARMA_c0bd2b3a06dc,35641c8e6c65,CARMA_519
Wales,W10000006,W06000010,Carmarthenshire,CARMA_214eb4fcb81c,d9dcf099a285,CARMA_520
Wales,W10000006,W06000010,Carmarthenshire,CARMA_caffbd502914,a613a030116b,CARMA_521
Wales,W10000006,W06000010,Carmarthenshire,CARMA_fec454631248,bf30fefea0d7,CARMA_522
Wales,W10000006,W06000010,Carmarthenshire,CARMA_7423398817d7,c06953d638c2,CARMA_523
Wales,W10000006,W06000010,Carmarthenshire,CARMA_7bb09ec623bb,c937b37ad961,CARMA_524
Wales,W10000006,W06000010,Carmarthenshire,CARMA_563cf3ea1b63,ab7ad777995e,CARMA_525
Wales,W10000006,W06000010,Carmarthenshire,CARMA_871daa94e0c1,0bcefef6b8ad,CARMA_526
Wales,W10000006,W06000010,Carmarthenshire,CARMA_28eb38cab923,58a814a7d38a,CARMA_527
Wales,W10000006,W06000010,Carmarthenshire,CARMA_a40e7697505d,ac3ff871c80b,CARMA_528
Wales,W10000006,W06000010,Carmarthenshire,CARMA_9a92b3a166ac,43fa107bf5e2,CARMA_529
Wales,W10000006,W06000010,Carmarthenshire,CARMA_fbfb7d8edde9,7d40eae56661,CARMA_530
Wales,W10000006,W06000010,Carmarthenshire,CARMA_54092966ddcb,bd4e646f786c,CARMA_531
Wales,W10000006,W06000010,Carmarthenshire,CARMA_477864766aea,2984d5b4ee03,CARMA_532
Wales,W10000006,W06000010,Carmarthenshire,CARMA_b54fe7fb0405,e3bfec791058,CARMA_533
Wales,W10000006,W06000010,Carmarthenshire,CARMA_ca239dfc8e3d,297481940279,CARMA_534
Wales,W10000006,W06000010,Carmarthenshire,CARMA_b8a5fe8bcfbe,9322f63247c0,CARMA_535
Wales,W10000006,W06000010,Carmarthenshire,CARMA_ac957074aa6b,2368730840eb,CARMA_536
Wales,W10000006,W06000010,Carmarthenshire,CARMA_bba876bb470a,be3d2f82fb2c,CARMA_537
Wales,W10000006,W06000010,Carmarthenshire,CARMA_f90e70732ffd,c82f2b15196a,CARMA_538
Wales,W10000006,W06000010,Carmarthenshire,CARMA_0201b16f4275,60a4e6d3267f,CARMA_539
Wales,W10000006,W06000010,Carmarthenshire,CARMA_b6440b4f3485,b0721c4b584a,CARMA_540
Wales,W10000006,W06000010,Carmarthenshire,CARMA_707bb3b3f023,9ce047311252,CARMA_541
Wales,W10000006,W06000010,Carmarthenshire,CARMA_a68155d5a31e,39b290c70ed9,CARMA_542
Wales,W10000006,W06000010,Carmarthenshire,CARMA_8b8187de9db1,436ee799e9f4,CARMA_543
Wales,W10000006,W06000010,Carmarthenshire,CARMA_1a5eba11f4e3,c0daa3a068b3,CARMA_544
Wales,W10000006,W06000010,Carmarthenshire,CARMA_4d575be84465,60ac217d299d,CARMA_545
Wales,W10000006,W06000010,Carmarthenshire,CARMA_b50d4ce6fe45,6246a33e33f8,CARMA_546
Wales,W10000006,W06000010,Carmarthenshire,CARMA_de6a31af0c6b,c47eef6bb8a5,CARMA_547
Wales,W10000006,W06000010,Carmarthenshire,CARMA_d7a2f881bbb7,3caf367a4ed1,CARMA_548
Wales,W10000006,W06000010,Carmarthenshire,CARMA_53825271a6e7,ffb42dc76bed,CARMA_549
Wales,W10000006,W06000010,Carmarthenshire,CARMA_085927e73e32,24fede7f7490,CARMA_550
Wales,W10000006,W06000010,Carmarthenshire,CARMA_5844957ce2c5,f40cbb1d83e0,CARMA_551
Wales,W10000006,W06000010,Carmarthenshire,CARMA_be09b5977026,1d30798a117b,CARMA_552
Wales,W10000006,W06000010,Carmarthenshire,CARMA_7f9c5bb82fad,d5fc88ce3add,CARMA_553
Wales,W10000006,W06000010,Carmarthenshire,CARMA_dd1c48460bb0,68c35763918e,CARMA_554
Wales,W10000006,W06000010,Carmarthenshire,CARMA_2406d2a58ac3,cc521d70f14c,CARMA_555
Wales,W10000006,W06000010,Carmarthenshire,CARMA_b6bb9c3aa011,270ce8421e7d,CARMA_556
Wales,W10000006,W06000010,Carmarthenshire,CARMA_558c52a16833,8e22159d61be,CARMA_557
Wales,W10000006,W06000010,Carmarthenshire,CARMA_b7c967bd8f24,186a6d3615d8,CARMA_558
Wales,W10000006,W06000010,Carmarthenshire,CARMA_cc180200e320,74b8b8420be4,CARMA_559
Wales,W10000006,W06000010,Carmarthenshire,CARMA_4c344bce0784,c9bed3ac8da5,CARMA_560
Wales,W10000006,W06000010,Carmarthenshire,CARMA_4f5b6cc4992b,a3381c6acfb1,CARMA_561
Wales,W10000006,W06000010,Carmarthenshire,CARMA_0231f5d4f441,cda4668a7153,CARMA_562
Wales,W10000006,W06000010,Carmarthenshire,CARMA_ea4a85937240,1fd4bef139f8,CARMA_563
Wales,W10000006,W06000010,Carmarthenshire,CARMA_fa6f076d522d,4245c09897ae,CARMA_564
Wales,W10000006,W06000010,Carmarthenshire,CARMA_b4cb8a13f91f,12eb96d956c1,CARMA_565
Wales,W10000006,W06000010,Carmarthenshire,CARMA_713dc4deff5b,08aa9083eb78,CARMA_566
Wales,W10000006,W06000010,Carmarthenshire,CARMA_f994ec3886c6,9c376d336ec2,CARMA_567
Wales,W10000006,W06000010,Carmarthenshire,CARMA_a603ab5ca4cf,41c088e02aab,CARMA_568
Wales,W10000006,W06000010,Carmarthenshire,CARMA_10bd347a318a,749c2da9c1b1,CARMA_569
Wales,W10000006,W06000010,Carmarthenshire,CARMA_8e93abcd4cd8,7214d590925f,CARMA_570
Wales,W10000006,W06000010,Carmarthenshire,CARMA_0dc9067f73a2,01136c20070d,CARMA_571
Wales,W10000006,W06000010,Carmarthenshire,CARMA_de9e476ea342,34dc5e26e4d7,CARMA_572
Wales,W10000006,W06000010,Carmarthenshire,CARMA_e1c041a99f42,75ac72515b52,CARMA_573
Wales,W10000006,W06000010,Carmarthenshire,CARMA_d9df92cdddfc,f6666c490212,CARMA_574
Wales,W10000006,W06000010,Carmarthenshire,CARMA_2e59cfed2bd2,a3caeb71a894,CARMA_575
Wales,W10000006,W06000010,Carmarthenshire,CARMA_854458b91b3f,5067bd551b44,CARMA_576
Wales,W10000006,W06000010,Carmarthenshire,CARMA_ec10c33baf88,805a502aa7fe,CARMA_577
Wales,W10000006,W06000010,Carmarthenshire,CARMA_33cff1e5573c,be1d175dbe6a,CARMA_578
Wales,W10000006,W06000010,Carmarthenshire,CARMA_4541aadfadd7,163eb5bfa1c4,CARMA_579
Wales,W10000006,W06000010,Carmarthenshire,CARMA_4647b6aa65a5,6124f4b965c8,CARMA_580
Wales,W10000006,W06000010,Carmarthenshire,CARMA_bdb2a521d162,865d43153576,CARMA_581
Wales,W10000006,W06000010,Carmarthenshire,CARMA_d495fd7c643f,9e6e2d350b12,CARMA_582
Wales,W10000006,W06000010,Carmarthenshire,CARMA_15f9b35a2db6,4822f3376ce6,CARMA_583
Wales,W10000006,W06000010,Carmarthenshire,CARMA_f684999e446e,c45a002a5baf,CARMA_584
Wales,W10000006,W06000010,Carmarthenshire,CARMA_c5d32209b825,4816fce1a128,CARMA_585
Wales,W10000006,W06000010,Carmarthenshire,CARMA_d311bdf2eed0,4d090bf16054,CARMA_586
Wales,W10000006,W06000010,Carmarthenshire,CARMA_b203a4bb39a2,86828fe675fa,CARMA_587
Wales,W10000006,W06000010,Carmarthenshire,CARMA_54cc54a50528,ee3a60866df0,CARMA_588
Wales,W10000006,W06000010,Carmarthenshire,CARMA_cbbb35351199,c44ae8fc4a5d,CARMA_589
Wales,W10000006,W06000010,Carmarthenshire,CARMA_5efa4e82fce7,20dd00f7b5b7,CARMA_590
Wales,W10000006,W06000010,Carmarthenshire,CARMA_57a5e25416c8,d64e61ca5c5e,CARMA_591
Wales,W10000006,W06000010,Carmarthenshire,CARMA_58e8eaa50cd9,a6554000f53c,CARMA_592
Wales,W10000006,W06000010,Carmarthenshire,CARMA_60717f27ca57,4dd4d9fe313f,CARMA_593
Wales,W10000006,W06000010,Carmarthenshire,CARMA_e35f5da7306b,e02e987a72a6,CARMA_594
Wales,W10000006,W06000010,Carmarthenshire,CARMA_e40d3f0ee5e6,a6f8721efba5,CARMA_595
Wales,W10000006,W06000010,Carmarthenshire,CARMA_32283b89eb13,b58f93f4c98d,CARMA_596
Wales,W10000006,W06000010,Carmarthenshire,CARMA_2c3653cf09eb,c8de1baf185b,CARMA_597
Wales,W10000006,W06000010,Carmarthenshire,CARMA_69939ce6f908,d68174ec18df,CARMA_598
Wales,W10000006,W06000010,Carmarthenshire,CARMA_44f632a4a1ea,617ef066a2e0,CARMA_599
Wales,W10000006,W06000010,Carmarthenshire,CARMA_de0f5e50f9e9,e3231de831c3,CARMA_600
Wales,W10000006,W06000010,Carmarthenshire,CARMA_7a396c2171ad,013dd2796ff0,CARMA_601
Wales,W10000006,W06000010,Carmarthenshire,CARMA_8f939ee3799b,f537c8201ae3,CARMA_602
Wales,W10000006,W06000010,Carmarthenshire,CARMA_e99bc99438fe,6206b3e3a10e,CARMA_603
Wales,W10000006,W06000010,Carmarthenshire,CARMA_f95142e161de,63df237e79d6,CARMA_604
Wales,W10000006,W06000010,Carmarthenshire,CARMA_3dff60e502e1,1a2a28b70cd8,CARMA_605
Wales,W10000006,W06000010,Carmarthenshire,CARMA_be206b3f1eb2,a361849a16f2,CARMA_606
Wales,W10000006,W06000010,Carmarthenshire,CARMA_f294b8c32f24,b2d6056bae64,CARMA_607
Wales,W10000006,W06000010,Carmarthenshire,CARMA_cdf93f1e0f8b,2127ce128cbf,CARMA_608
Wales,W10000006,W06000010,Carmarthenshire,CARMA_55646bb93ad4,64e41551aab0,CARMA_609
Wales,W10000006,W06000010,Carmarthenshire,CARMA_a8ceaa2429ef,9280c954e180,CARMA_610
Wales,W10000006,W06000010,Carmarthenshire,CARMA_7e7ef3957cca,b4569de62611,CARMA_611
Wales,W10000006,W06000010,Carmarthenshire,CARMA_18d4d3b501f3,d47621c6d797,CARMA_612
Wales,W10000006,W06000010,Carmarthenshire,CARMA_6a05b9c3890c,0fcdcd0d7a09,CARMA_613
Wales,W10000006,W06000010,Carmarthenshire,CARMA_6d663cb77f80,8368943c4faf,CARMA_614
Wales,W10000006,W06000010,Carmarthenshire,CARMA_9c949bf0eb2f,7289aad715d3,CARMA_615
Wales,W10000006,W06000010,Carmarthenshire,CARMA_9dc24de3e25d,47e763678ea4,CARMA_616
Wales,W10000006,W06000010,Carmarthenshire,CARMA_b20ee33ed12c,343b8a208882,CARMA_617
Wales,W10000006,W06000010,Carmarthenshire,CARMA_2c843a6cdabd,1398912a6b10,CARMA_618
Wales,W10000006,W06000010,Carmarthenshire,CARMA_a293c6d995c5,09a3d74be333,CARMA_619
Wales,W10000006,W06000010,Carmarthenshire,CARMA_72fe176ea7c0,059cc787d4ab,CARMA_620
Wales,W10000006,W06000010,Carmarthenshire,CARMA_743130b6440e,5fbb20d8e60f,CARMA_621
Wales,W10000006,W06000010,Carmarthenshire,CARMA_34c0885a6afd,27067df5e8fc,CARMA_622
Wales,W10000006,W06000010,Carmarthenshire,CARMA_a835fc0c6dbd,6d2abcaf4aaa,CARMA_623
Wales,W10000006,W06000010,Carmarthenshire,CARMA_abfe1a87a4a5,050203d922d4,CARMA_624
Wales,W10000006,W06000010,Carmarthenshire,CARMA_887a816b0299,ec816f8f54dc,CARMA_625
Wales,W10000006,W06000010,Carmarthenshire,CARMA_ac114119699b,1c0b5ffd77b9,CARMA_626
Wales,W10000006,W06000010,Carmarthenshire,CARMA_58d3e6263524,3571f33681b3,CARMA_627
Wales,W10000006,W06000010,Carmarthenshire,CARMA_3d46ac292ed5,aa3c3639cadc,CARMA_628
Wales,W10000006,W06000010,Carmarthenshire,CARMA_d18bc4253bf8,c1dcc32b4bec,CARMA_629
Wales,W10000006,W06000010,Carmarthenshire,CARMA_b66e84abebd9,d33fe238963a,CARMA_630
Wales,W10000006,W06000010,Carmarthenshire,CARMA_82b76da9218f,eacbbd77eb1b,CARMA_631
Wales,W10000006,W06000010,Carmarthenshire,CARMA_7eb6cc49dc78,34495a2b3c48,CARMA_632
Wales,W10000006,W06000010,Carmarthenshire,CARMA_aa591581abad,3d36ed40ba2a,CARMA_633
Wales,W10000006,W06000010,Carmarthenshire,CARMA_fbb142cdbfd7,56089e24149c,CARMA_634
Wales,W10000006,W06000010,Carmarthenshire,CARMA_58a01d7e5968,980a0732a1f8,CARMA_635
Wales,W10000006,W06000010,Carmarthenshire,CARMA_b648cc9bd6ab,99998eb05f85,CARMA_636
Wales,W10000006,W06000010,Carmarthenshire,CARMA_a5cafb85a9ec,42e78e206b80,CARMA_637
Wales,W10000006,W06000010,Carmarthenshire,CARMA_7180dff14832,e99b6fbfca97,CARMA_638
Wales,W10000006,W06000010,Carmarthenshire,CARMA_391e795bfca8,435c55f25b99,CARMA_639
Wales,W10000006,W06000010,Carmarthenshire,CARMA_bc942218fe84,36ce1e4bf6d2,CARMA_640
Wales,W10000006,W06000010,Carmarthenshire,CARMA_f8df47991311,700a29daa336,CARMA_641
Wales,W10000006,W06000010,Carmarthenshire,CARMA_daa6c64ab84d,1d692b40c3ea,CARMA_642
Wales,W10000006,W06000010,Carmarthenshire,CARMA_67438cb196db,83749c799c09,CARMA_643
Wales,W10000006,W06000010,Carmarthenshire,CARMA_78f45e4e9540,31494be232b2,CARMA_644
Wales,W10000006,W06000010,Carmarthenshire,CARMA_71b42974804e,825672569822,CARMA_645
Wales,W10000006,W06000010,Carmarthenshire,CARMA_cc2dcaaf001d,6753514da006,CARMA_646
Wales,W10000006,W06000010,Carmarthenshire,CARMA_8cf09ba9f970,06b2b96d320b,CARMA_647
Wales,W10000006,W06000010,Carmarthenshire,CARMA_abc117fbef1d,3e645ea2fe5e,CARMA_648
Wales,W10000006,W06000010,Carmarthenshire,CARMA_7ca395e7a4e5,0835433baa38,CARMA_649
Wales,W10000006,W06000010,Carmarthenshire,CARMA_4437fd6e25d8,20a7109fc76a,CARMA_650
Wales,W10000006,W06000010,Carmarthenshire,CARMA_508acd89d9f1,59d827d49e71,CARMA_651
Wales,W10000006,W06000010,Carmarthenshire,CARMA_0eb41926e69d,0ad57b90ee20,CARMA_652
Wales,W10000006,W06000010,Carmarthenshire,CARMA_5d9b6ddb90b6,6a620f6947e6,CARMA_653
Wales,W10000006,W06000010,Carmarthenshire,CARMA_ed325f5d3b54,4d73cf2cf7a3,CARMA_654
Wales,W10000006,W06000010,Carmarthenshire,CARMA_52bb2a48589a,cc1091ff9e6e,CARMA_655
Wales,W10000006,W06000010,Carmarthenshire,CARMA_a7ee8e9484b4,ab383866cff1,CARMA_656
Wales,W10000006,W06000010,Carmarthenshire,CARMA_56bfc28823a5,5051f0fcc17c,CARMA_657
Wales,W10000006,W06000010,Carmarthenshire,CARMA_e5eb3aca0b34,29ebcfad330e,CARMA_658
Wales,W10000006,W06000010,Carmarthenshire,CARMA_0f502a447d92,d18b14833a0d,CARMA_659
Wales,W10000006,W06000010,Carmarthenshire,CARMA_c61771dca644,64c89a03b7d4,CARMA_660
Wales,W10000006,W06000010,Carmarthenshire,CARMA_d199d2f648e7,e75168255448,CARMA_661
Wales,W10000006,W06000010,Carmarthenshire,CARMA_63f775eb5cf7,14c2f379fc61,CARMA_662
